natural_gas,natural_gas_ccs,solar_pv,onshore_wind,fixed_offshore_wind,float_offshore_wind,battery,ror_hydro,pumped_hydro,nuclear_CF,Time_Index
1,1,0.0,0.4971,0.7338,0.7338,1,0.444793349,1,1,1
1,1,0.07058024512534819,0.47507298050139274,0.6797662952646244,0.6797662952646244,1,0.4447933489999995,1,1,2
1,1,0.0694228125,0.4803932765151511,0.5910312500000003,0.5910312500000003,1,0.5469799221136298,1,1,3
1,1,0.14768296908602152,0.5121319892473127,0.5666666666666665,0.5666666666666665,1,0.5519782300967705,1,1,4
1,1,0.18102298333333341,0.4785847222222223,0.6003047222222219,0.6003047222222219,1,0.5695493830000021,1,1,5
1,1,0.18915994974874387,0.3487751256281397,0.41038842127303277,0.41038842127303277,1,0.4174632550617504,1,1,6
1,1,0.0880693138888889,0.4513174999999999,0.5253425,0.5253425,1,0.36798685799999753,1,1,7
1,1,0.09893396111111116,0.4357163888888889,0.4240847222222218,0.4240847222222218,1,0.4407311409999978,1,1,8
1,1,0.05541253333333332,0.3455927777777779,0.4696826388888891,0.4696826388888891,1,0.44276224500000294,1,1,9
