Time_Index,NG,nuclear_fuel,NGCCS
0,0.056877747,0.0,0.005388525
1,8.661,0.66,9.61608
2,8.477684098939779,0.6599999999999916,9.43276409893962
3,7.423999999999979,0.6600000000000105,8.379079999999941
4,6.446704663212502,0.6599999999999897,7.401784663212174
5,6.606,0.66,7.56108
6,6.81150041771099,0.6600000000000111,7.766580417710564
7,7.520000000000095,0.6600000000000099,8.4750800000001
8,8.235999999999935,0.6600000000000099,9.191079999999879
