natural_gas,natural_gas_ccs,solar_pv,onshore_wind,fixed_offshore_wind,float_offshore_wind,battery,ror_hydro,pumped_hydro,nuclear_CF,Time_Index
1,1,0.0,0.3849,0.1182,0.1182,1,0.552743642,1,1,1
1,1,0.07312760070671388,0.5090457950530031,0.6273832508833928,0.6273832508833928,1,0.5434790771943376,1,1,2
1,1,0.15161261424731176,0.4207728494623654,0.5825981182795694,0.5825981182795694,1,0.5695493829999944,1,1,3
1,1,0.17141424676165798,0.37105492227979225,0.5072094559585485,0.5072094559585485,1,0.4666142468652851,1,1,4
1,1,0.328949,0.8085,0.7336,0.7336,1,0.423018017,1,1,5
1,1,0.17209093650793666,0.34177521581732057,0.40076647173489216,0.40076647173489216,1,0.39136852126926536,1,1,6
1,1,0.08677869166666666,0.3126170833333332,0.5202927777777778,0.5202927777777778,1,0.44073114099999755,1,1,7
1,1,0.07355845000000004,0.49836736111111096,0.5369622222222227,0.5369622222222227,1,0.4447933490000039,1,1,8
