natural_gas,natural_gas_ccs,solar_pv,onshore_wind,fixed_offshore_wind,float_offshore_wind,battery,ror_hydro,pumped_hydro,nuclear_CF,Time_Index
1,1,0.0,0.2238,0.2912,0.2912,1,0.444793349,1,1,1
1,1,0.07811430125523015,0.587338075313807,0.6487192468619248,0.6487192468619248,1,0.44479334899999806,1,1,2
1,1,0.0832039523809524,0.5128240646258496,0.6129115646258515,0.6129115646258515,1,0.5455774471020334,1,1,3
1,1,0.1354307258064514,0.4393802419354837,0.615634408602151,0.615634408602151,1,0.5578352810645113,1,1,4
1,1,0.20848503333333343,0.35786791666666684,0.5052449999999999,0.5052449999999999,1,0.5695493829999987,1,1,5
1,1,0.18324976613562075,0.36060622957516353,0.43876879084967285,0.43876879084967285,1,0.41625059827102107,1,1,6
1,1,0.06823297500000002,0.45989958333333336,0.636160833333333,0.636160833333333,1,0.3679868579999989,1,1,7
1,1,0.09292156666666666,0.4060410416666667,0.5353068750000003,0.5353068750000003,1,0.44073114099999494,1,1,8
1,1,0.06582707361111115,0.5099533333333337,0.5810384722222224,0.5810384722222224,1,0.4434392796666713,1,1,9
