Time_Index,CT_NG,ME_NG,MA_NG
0,0.05306,0.05306,0.05306
1,5.45,5.45,5.28
2,4.09,4.09,3.98
3,3.14,3.14,3.69
4,2.13,2.13,3.18
5,2.13,2.13,3.18
6,2.13,2.13,3.18
7,1.82,1.82,2.23
8,1.82,1.82,2.23
9,1.7733333333333334,1.7733333333333334,2.15
10,1.75,1.75,2.11
11,1.63,1.63,1.81
12,1.63,1.63,1.81
13,1.63,1.63,1.81
14,2.78,2.78,2.74
15,3.78,3.78,4.28
