Costs,Total,Zone1
cTotal,1.6715075827726562e11,1.6715075827726562e11
cFix,1.6715075827726562e11,1.6715075827726562e11
cVar,4.1023983675939525e-14,4.1023983675939525e-14
cFuel,1.1504985248722943e-12,1.1504985248722943e-12
cNSE,6.701672992712594e-9,6.701672992712594e-9
cStart,0.0,0.0
cUnmetRsv,0.0,-
cNetworkExp,0.0,-
cUnmetPolicyPenalty,0.0,-
cCO2,0.0,0.0
