Zone,1
t1,4.656376655171805e-12
t2,6.566295967674104e-15
t3,2320.7754530594707
t4,3.1117962257025056e-14
