Time_Index,NG,nuclear_fuel,NGCCS
0,0.056877747,0.0,0.005388525
1,8.661,0.66,9.61608
2,8.661000000000035,0.6600000000000023,9.616079999999885
3,8.384167556029732,0.6600000000000036,9.339247556029926
4,6.872465454544587,0.6599999999999397,7.827545454544676
5,8.235999999999935,0.6600000000000099,9.191079999999879
