natural_gas,natural_gas_ccs,solar_pv,onshore_wind,fixed_offshore_wind,float_offshore_wind,battery,ror_hydro,pumped_hydro,nuclear_CF,Time_Index
1,1,0.0,0.3285,0.9068,0.9068,1,0.444793349,1,1,1
1,1,0.06796992050209197,0.4102405857740586,0.5720633891213394,0.5720633891213394,1,0.44479334900000167,1,1,2
1,1,0.09929150160085376,0.4072991462113125,0.4742311632870862,0.4742311632870862,1,0.5527436419999966,1,1,3
1,1,0.17000632333333374,0.3701540757575769,0.46821966666666703,0.46821966666666703,1,0.5527436420000956,1,1,4
1,1,0.052337069444444426,0.4256918055555552,0.5658961111111112,0.5658961111111112,1,0.5527436419999967,1,1,5
