natural_gas,natural_gas_ccs,solar_pv,onshore_wind,fixed_offshore_wind,float_offshore_wind,battery,ror_hydro,pumped_hydro,nuclear_CF,Time_Index
1,1,0.0,0.8381,0.9047,0.9047,1,0.444793349,1,1,1
1,1,0.046954972093023274,0.626968372093023,0.7413744186046509,0.7413744186046509,1,0.4447933489999985,1,1,2
1,1,0.09634667916666671,0.46361624999999906,0.5587904999999997,0.5587904999999997,1,0.5453306114999924,1,1,3
1,1,0.165283879032258,0.4194916666666677,0.5175456989247311,0.5175456989247311,1,0.5590066912580596,1,1,4
1,1,0.13028197685185186,0.38728055555555535,0.629990740740741,0.629990740740741,1,0.5695493829999981,1,1,5
1,1,0.17399605650406513,0.32814308943089326,0.4244286382113811,0.4244286382113811,1,0.41601516539165023,1,1,6
1,1,0.1175418611111111,0.3999828703703703,0.4299824074074075,0.4299824074074075,1,0.36798685799999936,1,1,7
1,1,0.06780331349206346,0.3932265873015875,0.5924563492063486,0.5924563492063486,1,0.4407311409999945,1,1,8
1,1,0.07215803472222225,0.496805416666666,0.632266805555555,0.632266805555555,1,0.44357468660000443,1,1,9
