natural_gas,natural_gas_ccs,solar_pv,onshore_wind,fixed_offshore_wind,float_offshore_wind,battery,ror_hydro,pumped_hydro,nuclear_CF,Time_Index
1,1,0.0,0.4875,0.8626,0.8626,1,0.444793349,1,1,1
1,1,0.02791294736842105,0.4953399999999999,0.47160631578947365,0.47160631578947365,1,0.4447933490000006,1,1,2
1,1,0.10833674772727277,0.5622812878787881,0.6516155303030308,0.6516155303030308,1,0.5442310710909009,1,1,3
1,1,0.13600178360215057,0.3597248655913975,0.5653146505376349,0.5653146505376349,1,0.5648637422258008,1,1,4
1,1,0.041397197916666656,0.2679854166666667,0.5357031250000001,0.5357031250000001,1,0.5695493830000012,1,1,5
1,1,0.1784305716269841,0.3486213888888889,0.42234809523809524,0.42234809523809524,1,0.4148716342632827,1,1,6
1,1,0.10924776041666669,0.5084854166666666,0.682715625,0.682715625,1,0.3679868579999994,1,1,7
1,1,0.08717354487179489,0.46838285256410234,0.516383493589743,0.516383493589743,1,0.4407311409999949,1,1,8
1,1,0.057454401388888854,0.3991874999999997,0.5558620833333333,0.5558620833333333,1,0.44425172126667045,1,1,9
