natural_gas,natural_gas_ccs,solar_pv,onshore_wind,fixed_offshore_wind,float_offshore_wind,battery,ror_hydro,pumped_hydro,nuclear_CF,Time_Index
1,1,0.0,0.4379,0.7539,0.7539,1,0.444793349,1,1,1
1,1,0.07927709756097562,0.41313275261324034,0.562689895470383,0.562689895470383,1,0.4447933489999974,1,1,2
1,1,0.09156113563829787,0.450799290780142,0.5700048758865248,0.5700048758865248,1,0.5461026292340354,1,1,3
1,1,0.14854706720430105,0.4182397849462369,0.4716588709677422,0.4716588709677422,1,0.555492460677415,1,1,4
1,1,0.1897471041666668,0.3807513888888889,0.3903072916666668,0.3903072916666668,1,0.5695493830000005,1,1,5
1,1,0.1777770278465344,0.32247708333333347,0.37921448019801923,0.37921448019801923,1,0.4167284570855857,1,1,6
1,1,0.09547009027777778,0.42735243055555555,0.4822451388888889,0.4822451388888889,1,0.3679868579999982,1,1,7
1,1,0.09915943518518511,0.327292824074074,0.4913835648148147,0.4913835648148147,1,0.4407311409999959,1,1,8
1,1,0.05644202916666668,0.4325843055555554,0.5119933333333341,0.5119933333333341,1,0.4431684658000051,1,1,9
