Voll,Demand_Segment,Cost_of_Demand_Curtailment_per_MW,Max_Demand_Curtailment,Rep_Periods,Timesteps_per_Rep_Period,Sub_Weights,Time_Index,Demand_MW_z1,Rep_Period,START_SUBPERIODS,INTERIOR_SUBPERIODS,Rel_TimeStep
50000,1,1,1,2,8736,78624.0,1,11990.915980095735,1,1,0,1
,,,,,,122304.00000000001,2,14681.61625274965,1,0,1,1415
,,,,,,,3,14375.95564183842,1,0,1,6600
,,,,,,,4,14636.866597044047,1,0,1,720
,,,,,,,5,13453.467975320757,2,1,0,1
,,,,,,,6,15957.881252980997,2,0,1,1415
,,,,,,,7,14235.277482197453,2,0,1,6600
,,,,,,,8,13593.079983344534,2,0,1,720
