natural_gas,natural_gas_ccs,nuclear,solar_pv,onshore_wind,fixed_offshore_wind,float_offshore_wind,battery,Time_Index
1.0,1.0,1.0,0.0,0.4379,0.7539,0.7539,1.0,1
1.0,1.0,1.0,0.08906960282685514,0.4431595053003532,0.5685212014134271,0.5685212014134271,1.0,2
1.0,1.0,1.0,0.1662668904545451,0.34070662121212225,0.4019573939393948,0.4019573939393948,1.0,3
1.0,1.0,1.0,0.05644202916666668,0.4325843055555554,0.5119933333333341,0.5119933333333341,1.0,4
1.0,1.0,1.0,0.0,0.4971,0.7338,0.7338,1.0,5
1.0,1.0,1.0,0.06971646501766789,0.4790434628975264,0.6135442402826861,0.6135442402826861,1.0,6
1.0,1.0,1.0,0.1736050760606058,0.3846058939393935,0.4453816060606057,0.4453816060606057,1.0,7
1.0,1.0,1.0,0.05541253333333332,0.3455927777777779,0.4696826388888891,0.4696826388888891,1.0,8
