natural_gas,natural_gas_ccs,solar_pv,onshore_wind,fixed_offshore_wind,float_offshore_wind,battery,ror_hydro,pumped_hydro,nuclear_CF,Time_Index
1,1,0.0,0.6838,0.5894,0.5894,1,0.444793349,1,1,1
1,1,0.07679681368821292,0.46722167300380235,0.5397730038022814,0.5397730038022814,1,0.4447933489999977,1,1,2
1,1,0.09318053559027789,0.43455902777777755,0.5458225694444448,0.5458225694444448,1,0.545834567520826,1,1,3
1,1,0.15569692069892463,0.4835803763440854,0.5598770161290312,0.5598770161290312,1,0.5566638708709631,1,1,4
1,1,0.18140338636363632,0.49233712121212114,0.578004166666667,0.578004166666667,1,0.5695493829999997,1,1,5
1,1,0.17291675841543533,0.3226630336617408,0.41378690476190494,0.41378690476190494,1,0.4164883506861493,1,1,6
1,1,0.12373890151515153,0.4509382575757575,0.47898598484848487,0.47898598484848487,1,0.36798685799999853,1,1,7
1,1,0.0799077192982456,0.4106618421052632,0.6080699561403508,0.6080699561403508,1,0.4407311409999954,1,1,8
1,1,0.06815505833333332,0.37449749999999987,0.44896430555555555,0.44896430555555555,1,0.4433038727333382,1,1,9
