natural_gas,natural_gas_ccs,solar_pv,onshore_wind,fixed_offshore_wind,float_offshore_wind,battery,ror_hydro,pumped_hydro,nuclear_CF,Time_Index
1,1,0.0,0.5665,0.8979,0.8979,1,0.444793349,1,1,1
1,1,0.032100577464788733,0.47710281690140843,0.7770676056338028,0.7770676056338028,1,0.4447933490000004,1,1,2
1,1,0.08103746800595239,0.4661266369047619,0.6198116815476199,0.6198116815476199,1,0.5440347245892774,1,1,3
1,1,0.1515238239247311,0.4246866935483878,0.5440775537634404,0.5440775537634404,1,0.5660351524193492,1,1,4
1,1,0.06476411111111109,0.31483750000000016,0.27849027777777796,0.27849027777777796,1,0.5695493830000011,1,1,5
1,1,0.16531235564770888,0.30687521721958905,0.416120438388626,0.416120438388626,1,0.41464943153217815,1,1,6
1,1,0.09013255555555555,0.3220013888888891,0.34846250000000006,0.34846250000000006,1,0.36798685799999936,1,1,7
1,1,0.07201611574074074,0.46715802469135753,0.5091256172839512,0.5091256172839512,1,0.44073114099999566,1,1,8
1,1,0.05391862083333331,0.5024343055555557,0.6296954166666671,0.6296954166666671,1,0.4443871282000038,1,1,9
