natural_gas,natural_gas_ccs,solar_pv,onshore_wind,fixed_offshore_wind,float_offshore_wind,battery,ror_hydro,pumped_hydro,nuclear_CF,Time_Index
1,1,0.0,0.6925,0.6049,0.6049,1,0.552743642,1,1,1
1,1,0.06931564805653716,0.40095717314487594,0.5320876325088334,0.5320876325088334,1,0.5527436419999963,1,1,2
1,1,0.17029475530302965,0.3640181515151507,0.4527985606060596,0.4527985606060596,1,0.5527436420000956,1,1,3
1,1,0.05529593611111106,0.43541347222222176,0.500514166666667,0.500514166666667,1,0.5527436419999967,1,1,4
