natural_gas,natural_gas_ccs,solar_pv,onshore_wind,fixed_offshore_wind,float_offshore_wind,battery,ror_hydro,pumped_hydro,nuclear_CF,Time_Index
1,1,0.0,0.2554,0.1235,0.1235,1,0.552743642,1,1,1
1,1,0.0798919738515901,0.47979816254417,0.5908978091872799,0.5908978091872799,1,0.5527436419999963,1,1,2
1,1,0.17556382060606043,0.35429887878787847,0.4408302575757581,0.4408302575757581,1,0.5527436420000956,1,1,3
1,1,0.0689216902777778,0.470312083333333,0.6199724999999995,0.6199724999999995,1,0.5527436419999967,1,1,4
