Time_Index,NG,nuclear_fuel,NGCCS
0,0.056877747,0.0,0.005388525
1,8.661,0.66,9.61608
2,8.661,0.66,9.61608
3,7.424,0.66,8.37908
4,6.948,0.66,7.90308
5,7.52,0.66,8.47508
6,8.236,0.66,9.19108
