natural_gas,natural_gas_ccs,solar_pv,onshore_wind,fixed_offshore_wind,float_offshore_wind,battery,ror_hydro,pumped_hydro,nuclear_CF,Time_Index
1,1,0.0,0.3708,0.9028,0.9028,1,0.444793349,1,1,1
1,1,0.0718309389067524,0.5167077170418005,0.5479347266881028,0.5479347266881028,1,0.4447933489999982,1,1,2
1,1,0.08224405072463765,0.469347192028985,0.5973012681159434,0.5973012681159434,1,0.5463823458043409,1,1,3
1,1,0.14650138575268798,0.4106452956989253,0.5774657258064515,0.5774657258064515,1,0.5543210504838668,1,1,4
1,1,0.19676225320512822,0.5080858974358974,0.5527862179487182,0.5527862179487182,1,0.569549383000001,1,1,5
1,1,0.18098522533167452,0.32989595771144403,0.42437864842454365,0.42437864842454365,1,0.4169709526034245,1,1,6
1,1,0.09156540064102558,0.5165615384615385,0.6009195512820511,0.6009195512820511,1,0.3679868579999979,1,1,7
1,1,0.1001997401960784,0.5102892156862741,0.5849507352941172,0.5849507352941172,1,0.44073114099999644,1,1,8
1,1,0.048291884722222206,0.3838823611111109,0.5811076388888894,0.5811076388888894,1,0.4430330588666711,1,1,9
