natural_gas,natural_gas_ccs,solar_pv,onshore_wind,fixed_offshore_wind,float_offshore_wind,battery,ror_hydro,pumped_hydro,nuclear_CF,Time_Index
1,1,0.0,0.5924,0.8735,0.8735,1,0.444793349,1,1,1
1,1,0.07972742417582418,0.4699586813186812,0.5493028571428568,0.5493028571428568,1,0.44479334900000134,1,1,2
1,1,0.09689095520833338,0.5378122916666671,0.568633541666667,0.568633541666667,1,0.5483543476249941,1,1,3
1,1,0.16582735215053754,0.5000794354838708,0.5467576612903231,0.5467576612903231,1,0.5472925893225778,1,1,4
1,1,0.17490989254385958,0.4685826754385962,0.547697587719298,0.547697587719298,1,0.5695493830000031,1,1,5
1,1,0.17796949166666665,0.3294516666666668,0.415120897435897,0.415120897435897,1,0.41847815551429923,1,1,6
1,1,0.09965223684210531,0.4378379385964912,0.5499050438596487,0.5499050438596487,1,0.3679868579999969,1,1,7
1,1,0.0807356287878788,0.512820454545454,0.6268795454545453,0.6268795454545453,1,0.4407311410000005,1,1,8
1,1,0.053279166666666634,0.46380777777777793,0.5432136111111117,0.5432136111111117,1,0.4422206172666667,1,1,9
