epsilon,total_cost,Run_time
0.98990909,12148.824557278558,0.039999961853027344
1.0,8447.573745975471,0.04800009727478027
