Time_Index,NG,nuclear_fuel,NGCCS
0,0.056877747,0.0,0.005388525
1,8.661,0.66,9.61608
2,8.477684098939779,0.6599999999999916,9.43276409893962
3,6.872465454544587,0.6599999999999397,7.827545454544676
4,8.235999999999935,0.6600000000000099,9.191079999999879
